test_loss;test_accuracy;test_precision;test_recall;test_auc
0.016555536538362503;0.9552029967308044;0.9828341603279114;0.9488716721534729;0.9916989803314209
