test_loss;test_accuracy;test_precision;test_recall;test_auc
0.045796092599630356;0.9349043369293213;0.9474973678588867;0.9545133709907532;0.9807089567184448
