test_loss;test_accuracy;test_precision;test_recall;test_auc
0.17794649302959442;0.9314045906066895;0.9431659579277039;0.9538081884384155;0.9797490835189819
