test_loss;test_accuracy;test_precision;test_recall;test_auc
0.14680050313472748;0.9372375011444092;0.9498773217201233;0.9555712342262268;0.9857288002967834
