test_loss;test_accuracy;test_precision;test_recall;test_auc
0.05590711906552315;0.9561362862586975;0.9688385128974915;0.9647390842437744;0.991773247718811
