test_loss;test_accuracy;test_precision;test_recall;test_auc
0.14935657382011414;0.9379374980926514;0.9455617070198059;0.9615656137466431;0.9854245185852051
