test_loss;test_accuracy;test_precision;test_recall;test_auc
0.013777670450508595;0.926504909992218;0.9519541263580322;0.9361777305603027;0.9759271740913391
