test_loss;test_accuracy;test_precision;test_recall;test_auc
0.04292578250169754;0.9237051010131836;0.9834296703338623;0.8998589515686035;0.9818418622016907
