test_loss;test_accuracy;test_precision;test_recall;test_auc
0.12713563442230225;0.9465702176094055;0.9083611965179443;0.9365517497062683;0.9890714883804321
