test_loss;test_accuracy;test_precision;test_recall;test_auc;test_f1_score
0.1274692714214325;0.947036862373352;0.9640697240829468;0.9555712342262268;0.9890727996826172;0.9598016672175076
