test_loss;test_accuracy;test_precision;test_recall;test_auc
1.7703936100006104;0.34764349460601807;0.976190447807312;0.014456981793045998;0.5074145197868347
