accuracy_predict;precision_predict;recall_predict;specificity_predict;auc_predict;f1_score_predict
0.9470368642090528;0.9555712270803949;0.9640697260761295;0.9145762711864407;0.9890795681143912;0.9598016646006728
