version;threshold;accuracy;loss;precision;recall;f1_score;auc;fp_rate;fn_rate
v7alt.1;0.50615007;0.9570695286980868;0.013781214132905006;0.9548660084626234;0.9797395079594791;0.9671428521436838;0.993501045668985;0.08409986859395532;0.020260492040520984
