version;threshold;accuracy;loss;precision;recall;f1_score;auc;fp_rate;fn_rate
v7alt.1;0.5588369;0.9533364442370509;0.013781214132905006;0.941114245416079;0.9877868245743894;0.9638858743817647;0.993501045668985;0.10542929292929293;0.01221317542561066
