test_loss;test_accuracy;test_precision;test_recall;test_auc
0.031009476631879807;0.9540364146232605;0.9838650822639465;0.946050763130188;0.9916441440582275
