accuracy;auc;loss;precision;recall;val_accuracy;val_auc;val_loss;val_precision;val_recall;f1_score;val_f1_score
0.8826706409454346;0.9534410238265992;0.035941544920206;0.92159903049469;0.8991685509681702;0.928604781627655;0.9779887795448304;0.0256409235298633;0.9626920223236084;0.928067684173584;0.9102456224605799;0.9450628209759431
0.9311327934265136;0.980620503425598;0.023486940190196;0.9543816447257996;0.9408919215202332;0.9372375011444092;0.982733428478241;0.0226602870970964;0.9675773978233336;0.936530351638794;0.9475887711665423;0.9518007540468293
0.9361340403556824;0.983702838420868;0.0214053690433502;0.9575836658477784;0.9453514814376832;0.9395707249641418;0.9843054413795472;0.0213997010141611;0.9700838923454284;0.9375881552696228;0.9514282540252912;0.9535592487715321
0.939734935760498;0.9856539964675904;0.0201418343931436;0.9609045386314392;0.9474678635597228;0.9393373727798462;0.9851463437080384;0.021030955016613;0.9707602262496948;0.936530351638794;0.954138892897361;0.9533381245833903
0.9404851198196412;0.986049473285675;0.0196954011917114;0.9615148901939392;0.947996973991394;0.9433037638664246;0.985870599746704;0.0200783107429742;0.9668707251548768;0.9467560052871704;0.9547080787234239;0.9567076442141333
