test_loss;test_accuracy;test_precision;test_recall;test_auc
0.12031732499599457;0.9519365429878235;0.9716642498970032;0.9552186131477356;0.9902957677841187
