version;threshold;accuracy;precision;recall;f1_score;auc;fn_rate;fp_rate
v8.0;0.5351036190986633;0.9622025198320112;0.9594499294781382;0.9830202312138728;0.9710920720885308;0.9939392539273382;0.07575757575757576;0.016979768786127166
