version;threshold;accuracy;precision;recall;f1_score;auc;fp_rate;fn_rate
v7.3;0.5422511100769043;0.9666355576294914;0.9636812411847673;0.9855751893256401;0.9745052544051592;0.9954053791158017;0.0680766688697951;0.0144248106743599
