test_loss;test_accuracy;test_precision;test_recall;test_auc
0.0031963952351361513;0.9311712384223938;0.9717786908149719;0.9227785468101501;0.9814618825912476
