version;threshold;accuracy;loss;precision;recall;f1_score;auc;fp_rate;fn_rate
v7.0;0.5310435;0.9538030797946804;0.01468970812857151;0.9523977433004231;0.9772069464544139;0.9646428521436836;0.9923048489859442;0.08869908015768725;0.022793053545586108
