version;threshold;accuracy;loss;precision;recall;f1_score;auc;fp_rate;fn_rate
v7.0;0.5781027;0.9505366308912739;0.01468970812857151;0.93688293370945;0.987732342007435;0.9616358980074714;0.9923048489859442;0.11215538847117794;0.012267657992565056
