test_loss;test_accuracy;test_precision;test_recall;test_auc
0.030445342883467674;0.9542697072029114;0.9680851101875305;0.9626234173774719;0.9909295439720154
