test_loss;test_accuracy;test_precision;test_recall;test_auc
0.009486083872616291;0.9309379458427429;0.9700222015380859;0.9241889715194702;0.9843517541885376
