version;threshold;accuracy;precision;recall;f1_score;auc;fp_rate;fn_rate
v7.0;0.5282666683197021;0.9601026598226785;0.9566290550070522;0.9826149945671858;0.9694479135286806;0.994010018967949;0.08065573770491803;0.017385005432814196
