;precision;recall;f1-score;support
vacía;0.9224433768016472;0.926896551724138;0.9246646026831785;1450.0
animal;0.9625309296571226;0.9601551480959097;0.9613415710503089;2836.0
accuracy;0.9489034064395707;0.9489034064395707;0.9489034064395707;0.9489034064395707
macro avg;0.9424871532293849;0.9435258499100239;0.9430030868667437;4286.0
weighted avg;0.9489688784111031;0.9489034064395707;0.9489333573003464;4286.0
