test_loss;test_accuracy;test_precision;test_recall;test_auc
0.11429063975811005;0.9507699608802795;0.9211421012878418;0.934482753276825;0.9907099008560181
