test_loss;test_accuracy;test_precision;test_recall;test_auc
0.13820946216583252;0.944936990737915;0.9603399634361267;0.9562764167785645;0.9873136281967163
