test_loss;test_compile_metrics
0.12076012045145035;0.9472078680992126
