test_loss;test_accuracy;test_precision;test_recall;test_auc;test_f1_score
0.11724429577589035;0.9489033818244934;0.9625309109687805;0.9601551294326782;0.990284264087677;0.9613415523745246
