accuracy_predict;precision_predict;recall_predict;specificity_predict;auc_predict;f1_score_predict
0.9489034064395707;0.9601551480959097;0.9625309296571226;0.9224433768016472;0.9904802781965858;0.9613415710503088
