version;threshold;accuracy;loss;precision;recall;f1_score;auc;fp_rate;fn_rate
v7.0;0.52422756;0.9594027064862343;0.013576737605035305;0.9622708039492243;0.9760371959942775;0.9691051086366159;0.9932885073683185;0.07181208053691275;0.02396280400572246
