test_loss;test_accuracy;test_precision;test_recall;test_auc
0.003145164344459772;0.9323378205299377;0.9386630058288574;0.9605077505111694;0.98326575756073
