modelo,subset_option,accuracy,precision,NPV,recall,specificity,TP,TN,FP,FN
MegaDetector_0_1,test,0.9489153254023792,0.9377718300434928,0.9745762711864406,0.98836389280677,0.8718125430737422,2803,1265,186,33
MegaDetector_0_1,train,0.952697634881744,0.9419507984462668,0.9772019025750368,0.9894967507934108,0.880709534368071,13095,5958,807,139
MegaDetector_0_003,train,0.808740437021851,0.7761342959441216,0.9962862930452397,0.9991688076167448,0.4362158167036216,13223,2951,3814,11
