test_loss;test_accuracy;test_precision;test_recall;test_auc
0.6440011262893677;0.6609892845153809;0.6617543697357178;0.9975317120552063;0.5086102485656738
