test_loss;test_accuracy;test_precision;test_recall;test_auc
0.1693102866411209;0.9279047846794128;0.9299081563949585;0.9636812210083008;0.9820069670677185
