test_loss;test_accuracy;test_precision;test_recall;test_auc
0.16364197432994843;0.9351376295089722;0.9484572410583496;0.9538081884384155;0.9818229675292969
