version;threshold;accuracy;loss;precision;recall;f1_score;auc;fp_rate;fn_rate
v7.1;0.54733574;0.9626691553896407;0.012530799955129623;0.9587447108603667;0.9844315713251267;0.9714183587021956;0.9943944847040512;0.07677165354330709;0.015568428674873281
