version;threshold;accuracy;loss;precision;recall;f1_score;auc;fp_rate;fn_rate
v7.1;0.55836266;0.9619692020531965;0.012530799955129623;0.9555712270803949;0.9865307608299964;0.9708042221193075;0.9943944847040512;0.08187134502923976;0.01346923917000364
