test_loss;test_accuracy;test_precision;test_recall;test_auc
0.11542776972055435;0.9563695788383484;0.9759252667427063;0.9576869010925293;0.9904820919036865
