test_loss;test_accuracy;test_precision;test_recall;test_auc
0.013585710898041725;0.9239383935928345;0.9597069621086121;0.9238364100456238;0.9789686799049377
