test_loss;test_accuracy;test_precision;test_recall;test_auc
0.029007531702518463;0.9251049757003784;0.9201470017433167;0.9710860252380371;0.9793362617492676
