test_loss;test_accuracy;test_precision;test_recall;test_auc
0.026312366127967834;0.927671492099762;0.9307639598846436;0.9622707962989807;0.9794238209724426
