test_loss;test_accuracy;test_precision;test_recall;test_auc
0.09605123102664948;0.9234717488288879;0.9363256692886353;0.9488716721534729;0.9771164655685425
