version;threshold;accuracy;loss;precision;recall;f1_score;auc;fp_rate;fn_rate
v7.3;0.53971314;0.974335044330378;0.010434865951538086;0.9746121297602257;0.9864382583868665;0.9804895302963862;0.9964016827975293;0.04851752021563342;0.013561741613133477
