version;threshold;accuracy;loss;precision;recall;f1_score;auc;fp_rate;fn_rate
v7.3;0.53596085;0.9745683621091927;0.010434865951538086;0.9753173483779972;0.986096256684492;0.980677179896446;0.9964016827975293;0.04726536124240378;0.013903743315508022
