test_loss;test_accuracy;test_precision;test_recall;test_auc
0.11950370669364929;0.9493700265884399;0.9225496649742126;0.9282758831977844;0.9900864958763123
