test_loss;test_accuracy;test_precision;test_recall;test_auc
0.14857690036296844;0.9381707906723022;0.9748799204826355;0.9305359721183777;0.9863737225532532
