test_loss;test_accuracy;test_precision;test_recall;test_auc;test_f1_score
0.11849826574325562;0.9491367340087891;0.9746192693710327;0.9478138089179993;0.9906260371208191;0.96102965807224
