accuracy_predict;precision_predict;recall_predict;specificity_predict;auc_predict;f1_score_predict
0.9491367242183855;0.9478138222849083;0.9746192893401016;0.9031413612565445;0.9908506395603326;0.9610296746514122
