accuracy_predict;precision_predict;recall_predict;specificity_predict;f1_score_predict
0.8086794213719085;0.7761643835616439;0.9989421720733427;0.43655172413793103;0.8735738513721862
