test_loss;test_accuracy;test_precision;test_recall;test_auc
0.16212092339992523;0.9328044652938843;0.9715026021003723;0.9255994558334351;0.9830582141876221
