test_loss;test_accuracy;test_precision;test_recall;test_auc
0.007301212754100561;0.922305166721344;0.9612974524497986;0.9196050763130188;0.9784618020057678
