test_loss;test_accuracy;test_precision;test_recall;test_auc
0.009307519532740116;0.928604781627655;0.9267881512641907;0.9686177968978882;0.9839141368865967
