test_loss;test_accuracy;test_precision;test_recall;test_auc
0.04284658282995224;0.9374708533287048;0.9582440853118896;0.9467560052871704;0.9826009273529053
