test_loss;test_accuracy;test_precision;test_recall;test_auc
0.006374999415129423;0.9496033787727356;0.9859050512313843;0.9372355341911316;0.9912065863609314
