test_loss;test_accuracy;test_precision;test_recall;test_auc
0.04909982159733772;0.9293047189712524;0.9271500706672668;0.9693229794502258;0.9810707569122314
