test_loss;test_accuracy;test_precision;test_recall;test_auc
0.005959393456578255;0.9328044652938843;0.9405255913734436;0.9590973258018494;0.9833676815032959
