version;threshold;accuracy;loss;precision;recall;f1_score;auc;fn_rate;fp_rate
v8.0;0.55921566;0.9643023798413439;0.012201069854199886;0.9587447108603667;0.9869328493647913;0.9726345863085079;0.9946619814211372;0.07642064010450686;0.013067150635208712
