version;threshold;accuracy;loss;precision;recall;f1_score;auc;fp_rate;fn_rate
v8.0;0.5792544;0.9629024731684555;0.012201069854199886;0.9538081805359662;0.9897548481522137;0.9714490881961798;0.9946619814211372;0.08435286542176433;0.010245151847786316
