test_loss;test_accuracy;test_precision;test_recall;test_auc
0.03882155939936638;0.9330378174781799;0.9281155467033386;0.9742594957351685;0.9848030805587769
