accuracy_predict;precision_predict;recall_predict;specificity_predict;f1_score_predict
0.9482034531031265;0.937123745819398;0.9880112834978844;0.8703448275862069;0.9618949536560246
