accuracy_predict;precision_predict;recall_predict;specificity_predict;f1_score_predict
0.9503033131124592;0.9399530358939953;0.9880112834978844;0.876551724137931;0.963383187209902
