test_loss;test_accuracy;test_precision;test_recall;test_auc
0.006971654016524553;0.9260382652282715;0.9458407163619995;0.9421720504760742;0.9781817197799683
