accuracy;auc;loss;precision;recall;val_accuracy;val_auc;val_loss;val_precision;val_recall;f1_score;val_f1_score
0.8570142388343811;0.93258798122406;0.0421864241361618;0.9031330347061156;0.8780801296234131;0.9055063128471376;0.9684396386146544;0.0302856061607599;0.923666775226593;0.9344146847724916;0.8904303916126562;0.9290096398287703
0.90107524394989;0.9653139710426332;0.0308200865983963;0.9383668303489684;0.9102796912193298;0.9213719367980956;0.9760037660598756;0.0260786972939968;0.940119743347168;0.9411142468452454;0.924109886875865;0.9406167272269391
0.9130282402038574;0.971494734287262;0.027934905141592;0.9465298652648926;0.9205593466758728;0.926504909992218;0.9801048636436462;0.0239674411714077;0.9452490210533142;0.9435825347900392;0.9333639808297229;0.9444150377644198
0.915128767490387;0.9742759466171264;0.026484727859497;0.9476053714752196;0.9227513074874878;0.93303781747818;0.9818069338798524;0.0228415187448263;0.9498764276504515;0.9488716721534728;0.935013199002022;0.9493737790600626
0.9228307008743286;0.9772871732711792;0.0252207797020673;0.9527388215065002;0.9294784665107728;0.9351376295089722;0.9831072092056274;0.0219624526798725;0.9532246589660645;0.9485190510749816;0.9409649138088159;0.9508660283250465
0.9217304587364196;0.97781503200531;0.0246925298124551;0.9493797421455384;0.9313681125640868;0.9370042085647584;0.9832399487495422;0.021626241505146;0.9569088220596312;0.947461187839508;0.9402876750682234;0.9521615649575711
0.9257814288139344;0.9787033200263976;0.0242593847215175;0.9538639783859252;0.9329553842544556;0.9353709816932678;0.9841430187225342;0.0214022397994995;0.9503695964813232;0.9520451426506042;0.9432938281062877;0.9512066266997948
