test_loss;test_accuracy;test_precision;test_recall;test_auc
0.027404170483350754;0.9563695788383484;0.9800652265548706;0.9534555673599243;0.9909666180610657
