test_loss;test_accuracy;test_precision;test_recall;test_auc
0.09124154597520828;0.928604781627655;0.9233601093292236;0.9728490710258484;0.9820916652679443
