test_loss;test_accuracy;test_precision;test_recall;test_auc
0.09894058853387833;0.7673821449279785;0.7782148122787476;0.9069111347198486;0.9084391593933105
