test_loss;test_accuracy;test_precision;test_recall;test_auc
0.021993884816765785;0.9321045279502869;0.9536541700363159;0.9432299137115479;0.9813017249107361
