test_loss;test_accuracy;test_precision;test_recall;test_auc
0.16959816217422485;0.9328044652938843;0.938403308391571;0.9615656137466431;0.9805604219436646
