test_loss;test_accuracy;test_precision;test_recall;test_auc
0.09267687052488327;0.927671492099762;0.9258260130882263;0.968265175819397;0.9809167981147766
