test_loss;test_accuracy;test_precision;test_recall;test_auc
0.08526598662137985;0.9311712384223938;0.9516530632972717;0.9439350962638855;0.9809536933898926
