test_loss;test_accuracy;test_precision;test_recall;test_auc
0.043441906571388245;0.9342043995857239;0.968795895576477;0.9305359721183777;0.983385443687439
