test_loss;test_accuracy;test_precision;test_recall;test_auc
0.16877231001853943;0.9307045936584473;0.9367045164108276;0.9601551294326782;0.9811241030693054
