test_loss;test_accuracy;test_precision;test_recall;test_auc
0.029358046129345894;0.9570695161819458;0.9725587964057922;0.9622707962989807;0.9916847348213196
