accuracy;auc;loss;precision;recall;val_accuracy;val_auc;val_loss;val_precision;val_recall;f1_score;val_f1_score
0.8698760271072388;0.9310424327850342;0.0794531926512718;0.9152064323425292;0.9080120921134948;0.9101388454437256;0.9629197120666504;0.0596777833998203;0.940282702445984;0.9386243224143982;0.9115950629527914;0.9394527755620684
0.9171785712242126;0.9692232012748718;0.0542091429233551;0.9466200470924376;0.9409675002098083;0.925595998764038;0.9711567163467408;0.0517686083912849;0.9576605558395386;0.9414461851119996;0.9437853051268386;0.9494841471925004
0.9251089096069336;0.9749545454978944;0.0485226809978485;0.9536054730415344;0.9445956349372864;0.9303117394447328;0.9750576019287108;0.0479160472750663;0.9495974779129028;0.956966519355774;0.9490791663282435;0.9532677526302129
0.9302468299865724;0.9777615666389464;0.0454456247389316;0.9568367004394532;0.9483749270439148;0.9358134865760804;0.9773481488227844;0.0452324710786342;0.9631616473197936;0.9499118328094482;0.9525870177560559;0.9564908514157532
