test_loss;test_accuracy;test_precision;test_recall;test_auc
0.007718219887465239;0.9531031250953674;0.9824240207672119;0.946050763130188;0.9912591576576233
