version;threshold;accuracy;loss;precision;recall;f1_score;auc;fp_rate;fn_rate
v7alt.2;0.544846;0.9582361175921605;0.0136412363499403;0.9516925246826516;0.9846771251368114;0.967903885982265;0.9935085842128301;0.08867313915857605;0.015322874863188618
