test_loss;test_accuracy;test_precision;test_recall;test_auc
0.056091900914907455;0.9568362236022949;0.9715403914451599;0.9629760384559631;0.9915638566017151
