test_loss;test_accuracy;test_precision;test_recall;test_auc
0.17416445910930634;0.9274381995201111;0.921254575252533;0.9735543131828308;0.9823893308639526
