test_loss;test_accuracy;test_precision;test_recall;test_auc
0.15050260722637177;0.9358376264572144;0.9597845673561096;0.9425246715545654;0.9847045540809631
