;precision;recall;f1-score;support
vacía;0.9248275862068965;0.9248275862068965;0.9248275862068965;1450.0
animal;0.9615655853314528;0.9615655853314528;0.9615655853314528;2836.0
accuracy;0.9491367242183855;0.9491367242183855;0.9491367242183855;0.9491367242183855
macro avg;0.9431965857691746;0.9431965857691746;0.9431965857691746;4286.0
weighted avg;0.9491367242183855;0.9491367242183855;0.9491367242183855;4286.0
