test_loss;test_accuracy;test_precision;test_recall;test_auc
0.12335386127233505;0.950303316116333;0.9148222804069519;0.9406896829605103;0.9897177219390869
