test_loss;test_accuracy;test_precision;test_recall;test_auc;test_f1_score
0.1221059262752533;0.9491367340087891;0.9615656137466431;0.9615656137466431;0.9903709292411804;0.9615656137466431
