test_loss;test_accuracy;test_precision;test_recall;test_auc
0.14282679557800293;0.9400373101234436;0.962020754814148;0.9467560052871704;0.9868841767311096
