accuracy_predict;precision_predict;recall_predict;specificity_predict;auc_predict;f1_score_predict
0.9491367242183855;0.9615655853314528;0.9615655853314528;0.9248275862068965;0.9903776567287583;0.9615655853314528
