test_loss;test_accuracy;test_precision;test_recall;test_auc
0.01234864629805088;0.9500700235366821;0.9902767539024353;0.933709442615509;0.9915637969970703
