test_loss;test_accuracy;test_precision;test_recall;test_auc
0.1640704721212387;0.9314045906066895;0.9578530192375183;0.9375881552696228;0.9819985628128052
