test_loss;test_accuracy;test_precision;test_recall;test_auc
0.3564443290233612;0.8502100110054016;0.9426957368850708;0.8236953616142273;0.940685510635376
