test_loss;test_accuracy;test_precision;test_recall;test_auc
0.21328727900981903;0.9062062501907349;0.987189769744873;0.8695345520973206;0.9807112216949463
