test_loss;test_accuracy;test_precision;test_recall;test_auc
0.11165164411067963;0.9521698355674744;0.9249146580696106;0.934482753276825;0.9919152855873108
