test_loss;test_accuracy;test_precision;test_recall;test_auc
0.038233861327171326;0.9367708563804626;0.9498421549797058;0.9548659920692444;0.9851729273796082
