test_loss;test_accuracy;test_precision;test_recall;test_auc
0.013156771659851074;0.929771363735199;0.9452054500579834;0.9488716721534729;0.9791816473007202
