test_loss;test_accuracy;test_precision;test_recall;test_auc
0.005044549237936735;0.9302380084991455;0.9224109053611755;0.9767277836799622;0.9827444553375244
