test_loss;test_accuracy;test_precision;test_recall;test_auc
0.005372390616685152;0.9267382025718689;0.9776515364646912;0.91008460521698;0.982346773147583
