test_loss;test_accuracy;test_precision;test_recall;test_auc
0.01314124558120966;0.929771363735199;0.9474055767059326;0.9464033842086792;0.9792343378067017
