accuracy;auc;loss;precision;recall;val_accuracy;val_auc;val_loss;val_precision;val_recall;f1_score;val_f1_score
0.8939734697341919;0.9600780010223388;0.0336441956460475;0.9293553829193116;0.9088435173034668;0.9314045906066896;0.9781132340431212;0.0253226514905691;0.9659090638160706;0.9291255474090576;0.9189850024826013;0.9471603079053833
0.9294823408126832;0.9803942441940308;0.0235752630978822;0.9541961550712584;0.9384731650352478;0.9386374354362488;0.9825127124786376;0.0221367888152599;0.9606158137321472;0.946050763130188;0.9462693471804673;0.9532776521266441
0.9352838397026062;0.9836690425872804;0.0214195642620325;0.9565483331680298;0.9451247453689576;0.9426038265228271;0.9845594763755798;0.0208218600600957;0.9601989984512328;0.952750325202942;0.9508022228090244;0.9564601549445274
0.9403350949287416;0.9857382774353028;0.0200642067939043;0.961647629737854;0.9476190209388732;0.9444703459739684;0.985179364681244;0.0204631965607404;0.969291925430298;0.946050763130188;0.9545817817374734;0.9575303327581555
