test_loss;test_accuracy;test_precision;test_recall;test_auc
0.007851829752326012;0.955669641494751;0.9668313264846802;0.9661495089530945;0.9912139177322388
