test_loss;test_compile_metrics
0.11810389161109924;0.9502580761909485
