test_loss;test_accuracy;test_precision;test_recall;test_auc
0.1428435891866684;0.942837119102478;0.9754128456115723;0.9372355341911316;0.9867581129074097
