test_loss;test_accuracy;test_precision;test_recall;test_auc;test_f1_score
0.11876753717660904;0.9496033787727356;0.9736080765724182;0.9495768547058105;0.9907716512680054;0.961442324169355
