test_loss;test_accuracy;test_precision;test_recall;test_auc
0.11579078435897827;0.9526364803314209;0.9261791110038757;0.934482753276825;0.9906516075134277
