accuracy_predict;precision_predict;recall_predict;specificity_predict;auc_predict;f1_score_predict
0.949603359776015;0.9495768688293371;0.9736080983369486;0.905921052631579;0.9907689314722047;0.9614423420207069
