test_loss;test_accuracy;test_precision;test_recall;test_auc
0.18565310537815094;0.9153056740760803;0.979821503162384;0.8903384804725647;0.9808875322341919
