test_loss;test_accuracy;test_precision;test_recall;test_auc
0.12125840038061142;0.9458702802658081;0.9246861934661865;0.9144827723503113;0.9905903935432434
