test_loss;test_accuracy;test_precision;test_recall;test_auc
0.3090849220752716;0.8609426021575928;0.9324324131011963;0.8515514731407166;0.9443490505218506
