test_loss;test_accuracy;test_precision;test_recall;test_auc
0.002661487553268671;0.9281381368637085;0.9284746050834656;0.9657968878746033;0.983386218547821
