test_loss;test_accuracy;test_precision;test_recall;test_auc
0.006420171353965998;0.9325711727142334;0.9469989538192749;0.9513399004936218;0.9801619648933411
