test_loss;test_accuracy;test_precision;test_recall;test_auc
0.08418699353933334;0.9335044622421265;0.9411967992782593;0.9594499468803406;0.9821521043777466
