test_loss;test_accuracy;test_precision;test_recall;test_auc
0.02043878473341465;0.9363042712211609;0.9498069286346436;0.9541608095169067;0.9837112426757812
