test_loss;test_accuracy;test_precision;test_recall;test_auc
0.05666528642177582;0.9554362893104553;0.9678103923797607;0.9647390842437744;0.9914438128471375
