test_loss;test_accuracy;test_precision;test_recall;test_auc
0.05875452980399132;0.9195053577423096;0.9424511790275574;0.9354724884033203;0.9664008617401123
