test_loss;test_accuracy;test_precision;test_recall;test_auc
0.08822013437747955;0.9328044652938843;0.9368998408317566;0.9633286595344543;0.9810649156570435
