test_loss;test_accuracy;test_precision;test_recall;test_auc
0.017922597005963326;0.9251049757003784;0.9794129133224487;0.9058533310890198;0.98332679271698
