test_loss;test_accuracy;test_precision;test_recall;test_auc
0.14974920451641083;0.9353709816932678;0.9590957760810852;0.9425246715545654;0.9850713014602661
