test_loss;test_accuracy;test_precision;test_recall;test_auc
0.14966504275798798;0.9379374980926514;0.9515109062194824;0.9548659920692444;0.9849728345870972
