test_loss;test_accuracy;test_precision;test_recall;test_auc
0.04101477563381195;0.9363042712211609;0.9466713070869446;0.9576869010925293;0.9847100973129272
