test_loss;test_accuracy;test_precision;test_recall;test_auc
0.1583573818206787;0.9356042742729187;0.9539006948471069;0.9485190510749817;0.9834344387054443
