test_loss;test_accuracy;test_precision;test_recall;test_auc
0.006887283641844988;0.9521698355674744;0.9550328850746155;0.9735543131828308;0.9912773370742798
