test_loss;test_accuracy;test_precision;test_recall;test_auc
0.04975501075387001;0.9272048473358154;0.9246298670768738;0.9689703583717346;0.9807170033454895
