version;threshold;accuracy;loss;precision;recall;f1_score;auc;fp_rate;fn_rate
v7.2;0.50894105;0.9598693420438638;0.013470523059368134;0.961212976022567;0.9777618364418939;0.9694167802066231;0.9935397111035457;0.07343124165554073;0.02223816355810617
