version;threshold;accuracy;loss;precision;recall;f1_score;auc;fp_rate;fn_rate
v7.2;0.5912061;0.9535697620158656;0.013470523059368134;0.938293370944993;0.9910614525139665;0.9639558001115105;0.9935397111035457;0.10930668332292318;0.008938547486033519
