;precision;recall;f1-score;support
vacía;0.9112741827885257;0.9420689655172414;0.9264157341471685;1450.0
animal;0.9698600645855759;0.9531029619181947;0.9614085008002845;2836.0
accuracy;0.9493700419972002;0.9493700419972002;0.9493700419972002;0.9493700419972002
macro avg;0.9405671236870508;0.947585963717718;0.9439121174737265;4286.0
weighted avg;0.9500398292599289;0.9493700419972002;0.9495700706446573;4286.0
