test_loss;test_accuracy;test_precision;test_recall;test_auc
2.0468196868896484;0.3474101722240448;0.9756097793579102;0.014104371890425682;0.5112916827201843
