test_loss;test_accuracy;test_precision;test_recall;test_auc
0.12797784805297852;0.948203444480896;0.9109772443771362;0.9386206865310669;0.989247739315033
