test_loss;test_accuracy;test_precision;test_recall;test_auc;test_f1_score
0.12677691876888275;0.9493700265884399;0.9698600769042969;0.9531029462814331;0.9894933104515076;0.9614084988975281
