accuracy_predict;precision_predict;recall_predict;specificity_predict;auc_predict;f1_score_predict
0.9493700419972002;0.9531029619181947;0.9698600645855759;0.9112741827885257;0.98951485822674;0.9614085008002846
