test_loss;test_accuracy;test_precision;test_recall;test_auc
0.02276686765253544;0.9491367340087891;0.9877049326896667;0.9347673058509827;0.9913988709449768
