test_loss;test_accuracy;test_precision;test_recall;test_auc
0.057775210589170456;0.9568362236022949;0.9807761907577515;0.9534555673599243;0.9912827014923096
