test_loss;test_accuracy;test_precision;test_recall;test_auc
0.015412013046443462;0.9561362862586975;0.9685066938400269;0.9650917053222656;0.9909417629241943
