test_loss;test_accuracy;test_precision;test_recall;test_auc
0.024382786825299263;0.9311712384223938;0.9503722190856934;0.9453455805778503;0.979812741279602
