version;threshold;accuracy;precision;recall;f1_score;auc;fp_rate;fn_rate
v8.3;0.5168373584747314;0.9591693887074195;0.9601551480959097;0.9777378815080789;0.9688667446890792;0.9937687855649044;0.07528314457028648;0.022262118491921005
