test_loss;test_accuracy;test_precision;test_recall;test_auc
1.2494693994522095;0.346710205078125;0.949999988079071;0.0133991539478302;0.5099490880966187
