test_loss;test_accuracy;test_precision;test_recall;test_auc
0.12950384616851807;0.9444703459739685;0.9007936716079712;0.9393103718757629;0.9894047975540161
