test_loss;test_accuracy;test_precision;test_recall;test_auc
0.02023586817085743;0.9370042085647583;0.965867817401886;0.937940776348114;0.9836719036102295
