version;threshold;accuracy;precision;recall;f1_score;auc;fp_rate;fn_rate
v7.2;0.5863760709762573;0.9654689687354177;0.96262341325811;0.9848484848484849;0.9736091248152018;0.994456981664316;0.07001321003963012;0.015151515151515152
