test_loss;test_accuracy;test_precision;test_recall;test_auc
0.0028918005991727114;0.9283714294433594;0.9685068726539612;0.9217207431793213;0.9828505516052246
