test_loss;test_accuracy;test_precision;test_recall;test_auc
0.0067304763942956924;0.9279047846794128;0.9407045841217041;0.9509872794151306;0.9790120720863342
