test_loss;test_accuracy;test_precision;test_recall;test_auc
0.011485670693218708;0.9283714294433594;0.954692542552948;0.9361777305603027;0.9806317090988159
