test_loss;test_accuracy;test_precision;test_recall;test_auc
0.029888058081269264;0.9204386472702026;0.9056910276412964;0.982016921043396;0.9809233546257019
