test_loss;test_accuracy;test_precision;test_recall;test_auc
0.04631689563393593;0.9323378205299377;0.9414008259773254;0.9573342800140381;0.9809063673019409
