test_loss;test_accuracy;test_precision;test_recall;test_auc
0.018066467717289925;0.9146056771278381;0.982421875;0.8868123888969421;0.9833357334136963
