test_loss;test_accuracy;test_precision;test_recall;test_auc
0.14703001081943512;0.9388707280158997;0.9434872269630432;0.9654442667961121;0.9856952428817749
