test_loss;test_accuracy;test_precision;test_recall;test_auc
0.01302683912217617;0.9220718741416931;0.9134170413017273;0.9746121168136597;0.9812790155410767
