test_loss;test_accuracy;test_precision;test_recall;test_auc
0.16311050951480865;0.9337377548217773;0.9436717629432678;0.9569816589355469;0.9819194078445435
