test_loss;test_accuracy;test_precision;test_recall;test_auc
0.005836684722453356;0.9300046563148499;0.9738415479660034;0.9188998341560364;0.9840097427368164
