test_loss;test_accuracy;test_precision;test_recall;test_auc
0.01590239442884922;0.955669641494751;0.9779624342918396;0.9545133709907532;0.9916156530380249
