test_loss;test_accuracy;test_precision;test_recall;test_auc
0.003204995533451438;0.9328044652938843;0.9463910460472107;0.9523977637290955;0.9825174808502197
