test_loss;test_accuracy;test_precision;test_recall;test_auc
0.008949410170316696;0.9195053577423096;0.9084945917129517;0.9767277836799622;0.9783545732498169
