version;threshold;accuracy;precision;recall;f1_score;auc;fp_rate;fn_rate
v7.1;0.5411486625671387;0.9622025198320112;0.9587447108603667;0.9837192474674384;0.9710714235722551;0.9945501191576285;0.07687253613666228;0.016280752532561504
