test_loss;test_accuracy;test_precision;test_recall;test_auc
0.08233779668807983;0.8831077814102173;0.9126899838447571;0.9104372262954712;0.9312196373939514
