version;threshold;accuracy;loss;precision;recall;f1_score;auc;fp_rate;fn_rate
v7.1;0.5239718;0.9589360709286048;0.013387932442128658;0.9580394922425952;0.9794520547945206;0.9686274459810029;0.993543601964885;0.0787037037037037;0.02054794520547945
