version;threshold;accuracy;loss;precision;recall;f1_score;auc;fp_rate;fn_rate
v7.1;0.5623678;0.9545030331311246;0.013387932442128658;0.9442877291960508;0.9863720073664825;0.964871189381767;0.993543601964885;0.10057288351368555;0.013627992633517496
