test_loss;test_accuracy;test_precision;test_recall;test_auc
0.12154220044612885;0.9505366086959839;0.9104774594306946;0.9468965530395508;0.9897496700286865
