test_loss;test_accuracy;test_precision;test_recall;test_auc
0.15394017100334167;0.9367708563804626;0.9713340401649475;0.9319463968276978;0.9851440191268921
