test_loss;test_accuracy;test_precision;test_recall;test_auc;test_f1_score
0.12115716189146042;0.9484367966651917;0.9625044465065002;0.9594499468803406;0.9900137186050415;0.9609747694849501
