accuracy_predict;precision_predict;recall_predict;specificity_predict;auc_predict;f1_score_predict
0.9484367708819412;0.9594499294781382;0.9625044216483906;0.9211788896504455;0.9900435290112347;0.9609747483665902
