test_loss;test_accuracy;test_precision;test_recall;test_auc
0.08063703030347824;0.9337377548217773;0.9518413543701172;0.9478138089179993;0.9829742312431335
