;precision;recall;f1-score;support
vacía;0.9226594301221167;0.9379310344827586;0.9302325581395349;1450.0
animal;0.9679943100995733;0.9598025387870239;0.9638810198300283;2836.0
accuracy;0.9524031731217919;0.9524031731217919;0.9524031731217919;0.9524031731217919
macro avg;0.945326870110845;0.9488667866348912;0.9470567889847816;4286.0
weighted avg;0.9526570315257721;0.9524031731217919;0.9524973825338978;4286.0
