test_loss;test_accuracy;test_precision;test_recall;test_auc
0.11816658079624176;0.951469898223877;0.9167785048484802;0.9420689940452576;0.9906155467033386
