test_loss;test_accuracy;test_precision;test_recall;test_auc
0.13979168236255646;0.9414372444152832;0.9630956649780273;0.9478138089179993;0.9871228933334351
