accuracy_predict;precision_predict;recall_predict;specificity_predict;auc_predict;f1_score_predict
0.9510032664489034;0.9562764456981664;0.9692637598284489;0.9166666666666666;0.9906964641797577;0.9627263045793397
