accuracy;auc;loss;precision;recall;val_accuracy;val_auc;val_loss;val_precision;val_recall;f1_score;val_f1_score
0.8679213523864746;0.9308467507362366;0.079869121313095;0.907386600971222;0.9145880341529846;0.9114487767219543;0.9596096873283386;0.0608085766434669;0.9376095533370972;0.943562626838684;0.9109730805748444;0.9405766656726184
0.9189656972885132;0.9694401025772096;0.0541113391518592;0.9474964141845704;0.942554771900177;0.9258580207824708;0.969887673854828;0.0525441095232963;0.9573476910591124;0.942151665687561;0.945019127945283;0.9496888891501
0.9241036772727966;0.974415957927704;0.0488738194108009;0.9515405297279358;0.9454270601272584;0.9303117394447328;0.9741191267967224;0.0484370850026607;0.956954836845398;0.948853611946106;0.9484739388076937;0.9528870010219521
