version;threshold;accuracy;loss;precision;recall;f1_score;auc;fp_rate;fn_rate
v7.2;0.5367132;0.9622025198320112;0.01278144121170044;0.9576868829337094;0.9847715736040609;0.9710403954300033;0.9945119400807353;0.07853403141361257;0.015228426395939087
