version;threshold;accuracy;loss;precision;recall;f1_score;auc;fp_rate;fn_rate
v7.2;0.57663375;0.9617358842743817;0.01278144121170044;0.9506346967559943;0.9911764705882353;0.9704823564132667;0.9945119400807353;0.08939974457215837;0.008823529411764706
