test_loss;test_accuracy;test_precision;test_recall;test_auc
0.1580376774072647;0.9358376264572144;0.9510390758514404;0.9520451426506042;0.9831017255783081
