test_loss;test_accuracy;test_precision;test_recall;test_auc
0.01630212366580963;0.9538030624389648;0.9599023461341858;0.9707334041595459;0.9913849830627441
