test_loss;test_accuracy;test_precision;test_recall;test_auc
0.013692808337509632;0.9521698355674744;0.957565188407898;0.9707334041595459;0.9915244579315186
