test_loss;test_accuracy;test_precision;test_recall;test_auc
0.011263597756624222;0.9360709190368652;0.9545777440071106;0.9485190510749817;0.983023464679718
