test_loss;test_accuracy;test_precision;test_recall;test_auc
0.015106718987226486;0.9573028683662415;0.9718961119651794;0.9633286595344543;0.9912006855010986
