test_loss;test_accuracy;test_precision;test_recall;test_auc
0.03318954259157181;0.9507699608802795;0.9852125644683838;0.9397038221359253;0.991622805595398
