test_loss;test_accuracy;test_precision;test_recall;test_auc
0.11562273651361465;0.9559029340744019;0.980050802230835;0.9527503252029419;0.990951657295227
