test_loss;test_accuracy;test_precision;test_recall;test_auc
0.04706448316574097;0.9311712384223938;0.9696857929229736;0.9248942136764526;0.9812453985214233
