test_loss;test_accuracy;test_precision;test_recall;test_auc
0.016834815964102745;0.9342043995857239;0.9288113117218018;0.9753173589706421;0.9854328036308289
