accuracy_predict;precision_predict;recall_predict;specificity_predict;f1_score_predict
0.7629491367242184;0.7364864864864865;0.9992947813822285;0.3006896551724138;0.8479952124476362
