accuracy_predict;precision_predict;recall_predict;specificity_predict;f1_score_predict
0.770648623425105;0.7427298925858004;0.9996473906911142;0.32275862068965516;0.8522471065684653
