accuracy_predict;precision_predict;recall_predict;specificity_predict;f1_score_predict
0.766141535383846;0.7388584831899921;1.0;0.3087952697708795;0.8498201438848921
