test_loss;test_accuracy;test_precision;test_recall;test_auc
0.010658353567123413;0.9358376264572144;0.9404884576797485;0.964033842086792;0.98432457447052
