version;threshold;accuracy;loss;precision;recall;f1_score;auc;fp_rate;fn_rate
v7.3;0.5553386;0.9608026131591227;0.013241511769592762;0.9555712270803949;0.9847383720930233;0.9699355712359188;0.9940496571178444;0.08213820078226858;0.015261627906976744
