test_loss;test_accuracy;test_precision;test_recall;test_auc
0.14868690073490143;0.9398040175437927;0.9513305425643921;0.9580394625663757;0.984820544719696
