test_loss;test_accuracy;test_precision;test_recall;test_auc
0.011505008675158024;0.9321045279502869;0.9718205332756042;0.9241889715194702;0.981939971446991
