test_loss;test_accuracy;test_precision;test_recall;test_auc
0.1279304027557373;0.9451703429222107;0.9221681952476501;0.9151723980903625;0.9892171621322632
