test_loss;test_accuracy;test_precision;test_recall;test_auc
0.2918204963207245;0.8625758290290833;0.9407610893249512;0.8455570936203003;0.9487160444259644
