test_loss;test_accuracy;test_precision;test_recall;test_auc
0.021364256739616394;0.9316378831863403;0.9625318050384521;0.9330042600631714;0.9838349223136902
