accuracy_predict;precision_predict;recall_predict;specificity_predict;f1_score_predict
0.9325711619225385;0.9136083143877882;0.9918899858956276;0.8165517241379311;0.951141166525782
