accuracy;auc;loss;precision;recall;val_accuracy;val_auc;val_loss;val_precision;val_recall;f1_score;val_f1_score
0.8564140796661377;0.9340103268623352;0.0418899953365325;0.907033383846283;0.8724111914634705;0.9139057397842408;0.970349907875061;0.0292555261403322;0.9397504329681396;0.929478108882904;0.8893854651402184;0.9345860402058774
0.9052762985229492;0.9663013219833374;0.030455719679594;0.941845953464508;0.9132274985313416;0.924638330936432;0.9777151942253112;0.0255632624030113;0.9391821026802064;0.947461187839508;0.927315970720499;0.9433034748623346
0.912528157234192;0.9715662002563475;0.0279300417751073;0.9467662572860718;0.9195011258125304;0.9302380084991456;0.9807351231575012;0.0240072906017303;0.9443082213401794;0.9506347179412842;0.9329345223252948;0.9474609037530654
0.9187296628952026;0.9746789932250975;0.0263658016920089;0.9502599239349364;0.9256235957145692;0.9325711727142334;0.9824637770652772;0.0226247180253267;0.947942316532135;0.950282096862793;0.9377799780783321;0.949110759673031
