test_loss;test_accuracy;test_precision;test_recall;test_auc
0.024474048987030983;0.944936990737915;0.9383007287979126;0.9813116788864136;0.9916192293167114
