test_loss;test_accuracy;test_precision;test_recall;test_auc
0.013799380511045456;0.927671492099762;0.9370242357254028;0.9548659920692444;0.9784250855445862
