test_loss;test_accuracy;test_precision;test_recall;test_auc
0.024198908358812332;0.9330378174781799;0.9543672204017639;0.9439350962638855;0.9808351993560791
