version;threshold;accuracy;loss;precision;recall;f1_score;auc;fp_rate;fn_rate
v7alt.3;0.52242166;0.9610359309379375;0.013408555649220943;0.9598025387870239;0.9809009009009009;0.9702370293973116;0.9940785953990563;0.07544672402382528;0.0190990990990991
