test_loss;test_accuracy;test_precision;test_recall;test_auc
0.04527132213115692;0.9304713010787964;0.9594496488571167;0.9344146847724915;0.9815104603767395
