test_loss;test_accuracy;test_precision;test_recall;test_auc
0.03257393091917038;0.929771363735199;0.9748969674110413;0.9174894094467163;0.9841369390487671
