test_loss,test_binary_accuracy,test_precision,test_recall,test_auc
0.64643794298172,0.6616138219833374,0.6616138219833374,1.0,0.5
