test_loss;test_accuracy;test_precision;test_recall;test_auc
0.02813383936882019;0.9561362862586975;0.9681754112243652;0.9654442667961121;0.9915159940719604
