version;threshold;accuracy;loss;precision;recall;f1_score;auc;fp_rate;fn_rate
v7alt.0;0.52784985;0.9535697620158656;0.014598594047129154;0.9481664315937941;0.9810288215979569;0.9643177285499537;0.9923982296580905;0.09514563106796116;0.01897117840204305
