version;threshold;accuracy;loss;precision;recall;f1_score;auc;fp_rate;fn_rate
v7alt.0;0.560556;0.9510032664489034;0.014598594047129154;0.9389985895627645;0.9862962962962963;0.962066468991457;0.9923982296580905;0.10907944514501891;0.013703703703703704
