test_loss;test_accuracy;test_precision;test_recall;test_auc
0.015416830778121948;0.9561362862586975;0.9755747318267822;0.9576869010925293;0.9918972253799438
