test_loss;test_accuracy;test_precision;test_recall;test_auc
0.16305655241012573;0.9342043995857239;0.9593524932861328;0.9404090046882629;0.9820464849472046
