test_loss;test_accuracy;test_precision;test_recall;test_auc
0.025806255638599396;0.867242157459259;0.9926118850708008;0.8053596615791321;0.9797359108924866
