test_loss;test_accuracy;test_precision;test_recall;test_auc
0.011173533275723457;0.9330378174781799;0.9508312940597534;0.9478138089179993;0.9841822385787964
