test_loss;test_accuracy;test_precision;test_recall;test_auc
0.1196170300245285;0.951469898223877;0.9820249676704407;0.9439350962638855;0.9907752871513367
