test_loss;test_accuracy;test_precision;test_recall;test_auc
0.007032780908048153;0.9311712384223938;0.9428372383117676;0.9538081884384155;0.978258490562439
