test_loss;test_accuracy;test_precision;test_recall;test_auc
0.08411642909049988;0.9349043369293213;0.9453152418136597;0.9569816589355469;0.9817700982093811
