test_loss;test_accuracy;test_precision;test_recall;test_auc
0.03231780603528023;0.9288380742073059;0.9155993461608887;0.9830747246742249;0.9849868416786194
