test_loss;test_accuracy;test_precision;test_recall;test_auc
0.1313236951828003;0.8910406231880188;0.9088712334632874;0.9284203052520752;0.9565334320068359
