test_loss;test_accuracy;test_precision;test_recall;test_auc
0.047493431717157364;0.9281381368637085;0.9606413841247559;0.929478108882904;0.9803896546363831
